{
    "index": "/index.html",
    "assetGroups": [
      {
        "name": "app",
        "installMode": "prefetch",
        "resources": {
          "files": [
            "/favicon.ico",
            "/index.html",
            "/*.css",
            "/*.js"
          ]
        }
      },
      {
        "name": "assets",
        "installMode": "lazy",
        "updateMode": "prefetch",
        "resources": {
          "files": [
            "/assets/**"
          ]
        }
      }
    ],
    "dataGroups": [
      {
        "name": "api",
        "urls": [
          ""
        ],
        "cacheConfig": {
          "strategy": "performance",
          "maxSize": 100,
          "maxAge": "1d",
          "timeout": "10s"
        }
      }
    ]
  }
  